productName;productCount;sellingPrice;cost;markup
Chips;32;15;10;50
Bread;25;12;9;33,33333333
Milk;23;15;12;25
Juice;24;14;10;40
Wine;45;120;110;9,090909091
Coffee;3;42;38;10,52631579
Tea;10;30;20;50
coldrinks;20;15;10;50
chocolates;19;15;12;25
pies;50;19;11;72,72727273
cup cakes;37;20;15;33,33333333
veggies;2;15;10;50
water;5;20;15;33,33333333
cigarette;60;4;2;100
butter;40;30;15;100
roll on;4;15;10;50
body lotion;20;50;30;66,66666667
cellphone;100;800;600;33,33333333
airtime;50;12;10;20
baked beans;15;10;8;25
sugar;20;17;10;70
