"type1";"type2";"type3"
"                   simba";" lays";" niknaks"
"               coke";" fanta";" sprite"
"              cadburry";" lunch bar";" tex"
"                    pepper steak";" chicken";" steak and kidney"
"                  pear";" apple";" orange"
"               vannila";" strawberry";" chocolate"
"                 spinach";" potatoes";" tomatoes"
"                   albany";" blue ribbo";" sasko"
"                  jacobs";" recoffy";" frisco"
"                   rama";" horizon organic";" lurpak"
"           black cat";" skippy";" peter pan"
"            all gold";" willington";" prego"
"               mc cain";" heinz";" birds eye"
"             koo";" heinz";" van_camps"
"           goldi chicken";" farmers choice";" supreme chicken"
"                 aveeno";" nivea";" cetaphil"
"                   valpre";" dasani";" aquafina"
"               vogue";" dunhill";" stuyvesant"
"                 hunters";" black label";" savanna"
