     products,                type1,type2,type3
     
     chips,                   simba, lays, niknaks
     coldrinks,               coke, fanta, sprite
     chocolates,              cadburry, lunch bar, tex
     pies,                    pepper steak, chicken, steak and kidney
     fruits,                  pear, apple, orange
     cup_cakes,               vannila, strawberry, chocolate
     veggies,                 spinach, potatoes, tomatoes
     bread,                   albany, blue ribbo, sasko
     coffee,                  jacobs, recoffy, frisco
     butter,                   rama, horizon organic, lurpak
     peanut_butter,           black cat, skippy, peter pan
     tomato_sauce,            all gold, willington, prego
     mixed_veg,               mc cain, heinz, birds eye
     baked_beans,             koo, heinz, van_camps
     mixed_portion,           goldi chicken, farmers choice, supreme chicken
     steak,                   certified angus beef,mighty giants
     lotions,                 aveeno, nivea, cetaphil
     water,                   valpre, dasani, aquafina
     cigarette,               vogue, dunhill, stuyvesant
     alcohol,                 hunters, black label, savanna
     